{
    "clock_period": 7.2720000000000005e-09,
    "latency_best_cycles": 1060895,
    "latency_best_seconds": 0.007714828440000001,
    "latency_average_cycles": 1060895,
    "latency_average_seconds": 0.007714828440000001,
    "latency_worst_cycles": 1060895,
    "latency_worst_seconds": 0.007714828440000001,
    "resources_lut_used": 2325,
    "resources_ff_used": 1764,
    "resources_dsp_used": 5,
    "resources_bram_used": 32,
    "resources_uram_used": 0
}