{
    "OptDSLFrontend": {
        "t_start": 1625912.678346833,
        "t_end": 1625912.705941791,
        "dt": 0.02759495796635747,
        "core": 0
    },
    "VitisHLSSynthFlow": {
        "t_start": 5326564.866616698,
        "t_end": 5326587.467918196,
        "dt": 22.601301497779787,
        "core": 82
    }
}