{
    "clock_period": 7.016000000000001e-09,
    "latency_best_cycles": 13086,
    "latency_best_seconds": 9.181137600000001e-05,
    "latency_average_cycles": 13086,
    "latency_average_seconds": 9.181137600000001e-05,
    "latency_worst_cycles": 13086,
    "latency_worst_seconds": 9.181137600000001e-05,
    "resources_lut_used": 38864,
    "resources_ff_used": 44480,
    "resources_dsp_used": 512,
    "resources_bram_used": 152,
    "resources_uram_used": 0
}