{
    "OptDSLFrontend": {
        "t_start": 1625912.678346833,
        "t_end": 1625912.690423958,
        "dt": 0.012077125022187829,
        "core": 0
    },
    "VitisHLSSynthFlow": {
        "t_start": 5326512.173252303,
        "t_end": 5326539.293686456,
        "dt": 27.120434152893722,
        "core": 80
    }
}