{
    "OptDSLFrontend": {
        "t_start": 1625912.678346833,
        "t_end": 1625912.684034166,
        "dt": 0.005687332944944501,
        "core": 0
    },
    "VitisHLSSynthFlow": {
        "t_start": 5326267.619990652,
        "t_end": 5326460.367507615,
        "dt": 192.7475169626996,
        "core": 80
    }
}