{
    "OptDSLFrontend": {
        "t_start": 1625912.678346833,
        "t_end": 1625912.708713208,
        "dt": 0.030366375111043453,
        "core": 0
    },
    "VitisHLSSynthFlow": {
        "t_start": 5326460.368850258,
        "t_end": 5326512.171656937,
        "dt": 51.8028066791594,
        "core": 5
    }
}