{
    "clock_period": 7.016000000000001e-09,
    "latency_best_cycles": 1057311,
    "latency_best_seconds": 0.007418093976000001,
    "latency_average_cycles": 1057311,
    "latency_average_seconds": 0.007418093976000001,
    "latency_worst_cycles": 1057311,
    "latency_worst_seconds": 0.007418093976000001,
    "resources_lut_used": 5437,
    "resources_ff_used": 5332,
    "resources_dsp_used": 40,
    "resources_bram_used": 40,
    "resources_uram_used": 0
}