{
    "OptDSLFrontend": {
        "t_start": 1625912.678346833,
        "t_end": 1625912.703085625,
        "dt": 0.024738792097195983,
        "core": 0
    },
    "VitisHLSSynthFlow": {
        "t_start": 5326587.469297561,
        "t_end": 5326610.282071687,
        "dt": 22.812774126417935,
        "core": 82
    }
}