{
    "OptDSLFrontend": {
        "t_start": 1625912.678346833,
        "t_end": 1625912.693720208,
        "dt": 0.015373375033959746,
        "core": 0
    },
    "VitisHLSSynthFlow": {
        "t_start": 5326539.295090623,
        "t_end": 5326564.865201046,
        "dt": 25.570110422559083,
        "core": 10
    }
}