{
    "clock_period": 7.016000000000001e-09,
    "latency_best_cycles": 1057823,
    "latency_best_seconds": 0.0074216861680000005,
    "latency_average_cycles": 1057823,
    "latency_average_seconds": 0.0074216861680000005,
    "latency_worst_cycles": 1057823,
    "latency_worst_seconds": 0.0074216861680000005,
    "resources_lut_used": 3404,
    "resources_ff_used": 3076,
    "resources_dsp_used": 20,
    "resources_bram_used": 32,
    "resources_uram_used": 0
}