{
    "OptDSLFrontend": {
        "t_start": 1625912.678346833,
        "t_end": 1625912.711834625,
        "dt": 0.03348779212683439,
        "core": 0
    },
    "VitisHLSSynthFlow": {
        "t_start": 5326125.263273716,
        "t_end": 5326148.582583737,
        "dt": 23.319310020655394,
        "core": 39
    }
}