{
    "OptDSLFrontend": {
        "t_start": 1625912.678346833,
        "t_end": 1625912.697014583,
        "dt": 0.01866775006055832,
        "core": 0
    },
    "VitisHLSSynthFlow": {
        "t_start": 5326148.583994392,
        "t_end": 5326213.017851439,
        "dt": 64.43385704699904,
        "core": 5
    }
}