{
    "OptDSLFrontend": {
        "t_start": 1625912.678346833,
        "t_end": 1625912.700211125,
        "dt": 0.021864291978999972,
        "core": 0
    },
    "VitisHLSSynthFlow": {
        "t_start": 5326213.019419518,
        "t_end": 5326267.618560975,
        "dt": 54.599141457118094,
        "core": 5
    }
}