{
    "OptDSLFrontend": {
        "t_start": 1625912.678346833,
        "t_end": 1625912.687482875,
        "dt": 0.009136042091995478,
        "core": 0
    },
    "VitisHLSSynthFlow": {
        "t_start": 5326098.503510481,
        "t_end": 5326125.261832581,
        "dt": 26.758322100155056,
        "core": 24
    }
}