{
    "OptDSLFrontend": {
        "t_start": 1625912.678346833,
        "t_end": 1625912.712097958,
        "dt": 0.03375112498179078,
        "core": 0
    }
}